Feature,Rank_IC_Mean,Rank_IC_IR,IC_T_Stat,Long_Short_Ret,Win_Rate,Abs_IC
pca_4,0.19613207168876748,1.2642722378304978,6.063236652236618,0.15596942991654997,0.875,0.19613207168876748
pca_7,0.15623653159829357,1.047913251479105,5.025615405140621,0.07834670300050574,0.6666666666666666,0.15623653159829357
pca_18,0.11132957074613026,0.5391334053610566,2.5855929807014904,0.09197728786424292,0.7916666666666666,0.11132957074613026
pca_8,0.1081975198618809,0.6345991073955126,3.0434304039135136,0.08125323976472533,0.625,0.1081975198618809
pca_37,0.10678862483020994,0.7814180277171147,3.747549210210591,0.05549883159965376,0.5416666666666666,0.10678862483020994
pca_24,0.10454790175394076,0.6062632917333038,2.9075366059219143,0.06379127181421178,0.7083333333333334,0.10454790175394076
pca_22,-0.10272978617190653,-0.7071828190335248,-3.3915296562661323,-0.10724725739038672,0.25,0.10272978617190653
pca_20,0.07913556467586788,0.4805165602633303,2.304476467184676,0.07278379300060302,0.7083333333333334,0.07913556467586788
pca_51,-0.07840588022526486,-0.46330914694455466,-2.22195261195582,-0.09078374445660209,0.3333333333333333,0.07840588022526486
pca_30,0.07330008446494088,0.4450999153313441,2.134624204969882,0.010921269968681915,0.625,0.07330008446494088
pca_11,-0.0719670871568322,-0.39012136793619173,-1.8709563542662684,-0.11357727625953158,0.3333333333333333,0.0719670871568322
pca_76,-0.07151958883937808,-0.5885520791690597,-2.82259661439022,-0.10939613678950748,0.3333333333333333,0.07151958883937808
pca_71,0.06902394946067283,0.5169571050944136,2.479239180812275,0.09928901563278088,0.8333333333333334,0.06902394946067283
pca_56,0.06848984901254757,0.5685117437333622,2.7264865419699413,0.044296238760017904,0.625,0.06848984901254757
pca_9,-0.06804323552112883,-0.485605059688864,-2.328880053136009,-0.030238512992141295,0.3333333333333333,0.06804323552112883
pca_12,-0.06667462053612204,-0.49763875064150187,-2.3865916075484725,-0.047587495112142074,0.2916666666666667,0.06667462053612204
pca_5,0.06664664944826836,0.38090114070800113,1.826737697873206,0.060605843142117956,0.5416666666666666,0.06664664944826836
pca_61,-0.06514313119201702,-0.5939068144024311,-2.848277022421416,-0.03327418784965375,0.2916666666666667,0.06514313119201702
pca_26,0.06479005193152941,0.2924682881288045,1.4026286357774278,0.05737589890921646,0.625,0.06479005193152941
pca_54,-0.06285964569742056,-0.4336200346992413,-2.079568631550577,-0.09546958934844772,0.20833333333333334,0.06285964569742056
pca_55,-0.06224872777502113,-0.5431702960832774,-2.6049532284832853,-0.053946432001828505,0.3333333333333333,0.06224872777502113
pca_75,0.058646701338584774,0.39899652043184297,1.9135200903791203,-0.024746768226735143,0.5416666666666666,0.058646701338584774
pca_64,0.05642610026293829,0.2509121999618004,1.2033326381605471,0.03489804674758793,0.5833333333333334,0.05642610026293829
pca_40,0.0551328137360799,0.34330105460932964,1.6464140196819246,0.024560807590744627,0.625,0.0551328137360799
pca_25,-0.052242728421340694,-0.37933088653109026,-1.819207023391963,-0.0032857693890055995,0.4583333333333333,0.052242728421340694
pca_43,0.05108817099374121,0.511464551155599,2.452897817489012,0.04810960208819639,0.6666666666666666,0.05108817099374121
pca_67,-0.049139793108398146,-0.39222163914154995,-1.881028901120431,-0.03189371244699269,0.375,0.049139793108398146
pca_66,0.049088376397184365,0.33260371371272335,1.5951113749943577,0.032843545941779496,0.4166666666666667,0.049088376397184365
pca_45,-0.043970985640396164,-0.2762149029065339,-1.3246801385679174,-0.05470472482055322,0.4583333333333333,0.043970985640396164
pca_29,0.04364706812901618,0.26170718617444305,1.2551035733328648,0.025722343056528162,0.625,0.04364706812901618
pca_74,-0.042340528367272756,-0.29186671713271356,-1.3997436026308643,0.007543197021377994,0.5416666666666666,0.042340528367272756
pca_13,0.03956011256210431,0.24943339501986755,1.1962405388031947,0.07524881496167912,0.7083333333333334,0.03956011256210431
pca_31,-0.037369447599092755,-0.25144302026427867,-1.2058783629003866,-0.032895280857551355,0.4583333333333333,0.037369447599092755
pca_27,0.03700076203978537,0.21783047269347305,1.0446782476814687,0.036044860135582016,0.625,0.03700076203978537
pca_32,0.03615489362849778,0.299944639065967,1.4384839552812205,0.03634722141495488,0.625,0.03615489362849778
pca_58,-0.03281287356340128,-0.2514393837538359,-1.2058609228089703,-0.04503334277738872,0.3333333333333333,0.03281287356340128
pca_46,-0.03267370844481148,-0.22825344593954128,-1.0946650713416077,-0.031044664008520077,0.4583333333333333,0.03267370844481148
pca_53,0.032606792222262614,0.3026079941179702,1.4512569573973915,0.028789723821681445,0.5833333333333334,0.032606792222262614
pca_1,-0.03173226987946055,-0.21333517050439815,-1.0231195357362866,-0.005625088283438387,0.4583333333333333,0.03173226987946055
pca_62,-0.03121162966243564,-0.19747421217904154,-0.947053051809592,-0.0051985876497821215,0.5,0.03121162966243564
pca_44,-0.031045197159794088,-0.21756898260436078,-1.0434241852690702,-0.04510327939377141,0.4166666666666667,0.031045197159794088
pca_52,-0.03091733009252946,-0.3011401562831147,-1.4442174544378803,-0.03628330229244475,0.3333333333333333,0.03091733009252946
pca_73,-0.029816350432898736,-0.16357562594582747,-0.7844811433566096,-0.03041163801986073,0.4583333333333333,0.029816350432898736
pca_16,-0.027125553577234535,-0.19221734934588974,-0.9218420233206315,-0.04595923378024821,0.375,0.027125553577234535
pca_23,-0.026617672441640112,-0.17216889076505404,-0.8256929936648303,-0.027396283025501875,0.5416666666666666,0.026617672441640112
pca_77,-0.02451493245513354,-0.16526926922755242,-0.7926035711963527,-0.015046753212535019,0.5,0.02451493245513354
pca_21,0.022944659990854963,0.16392450622755264,0.7861543144095692,0.018650148747276687,0.5833333333333334,0.022944659990854963
pca_79,-0.022615128000011597,-0.14119511615877134,-0.6771479890120367,-0.03982200384473234,0.4166666666666667,0.022615128000011597
pca_28,-0.022492794410460596,-0.16598805415775691,-0.7960507426231096,-0.007544297678376904,0.4583333333333333,0.022492794410460596
pca_17,-0.020781063793553503,-0.13637304529374614,-0.6540221495499011,-0.02478021029265873,0.375,0.020781063793553503
pca_60,0.019709628613055457,0.12822887166450833,0.6149640649274701,-0.0012607887989223507,0.375,0.019709628613055457
pca_36,0.018973572363452654,0.12750275831359753,0.611481747629674,0.03362344436225878,0.5416666666666666,0.018973572363452654
pca_78,-0.01718034363643001,-0.11761840857409317,-0.5640780715615111,0.009686704945241988,0.625,0.01718034363643001
pca_34,-0.016955922352086348,-0.1022456280305993,-0.4903528060300547,-0.01829488670002723,0.3333333333333333,0.016955922352086348
pca_10,-0.016083847467185334,-0.0869172608821418,-0.41684053965857115,-0.03274477950124494,0.375,0.016083847467185334
pca_68,0.015841316562521125,0.13932951796696005,0.668200894393913,0.0029747451957866447,0.5,0.015841316562521125
pca_59,-0.01580523176788524,-0.12011828593313438,-0.5760670622044167,-0.008923717702983974,0.375,0.01580523176788524
pca_15,0.014034578414022178,0.08732515040669962,0.41879670909847455,-0.007106842351871305,0.5833333333333334,0.014034578414022178
pca_3,0.009901097816820054,0.06677992601512478,0.3202652743078266,0.07718700409469344,0.7083333333333334,0.009901097816820054
pca_72,-0.009864847525622647,-0.05967661709481731,-0.2861990014679876,-0.026689171258850772,0.4166666666666667,0.009864847525622647
pca_57,0.008555260631019268,0.07889115307190196,0.37834867881271655,0.007577820748716144,0.5,0.008555260631019268
pca_47,0.00825987791663681,0.06572847266531602,0.31522268118752106,0.03362229939357688,0.5833333333333334,0.00825987791663681
pca_69,0.007921592851938138,0.05836097762940605,0.27988941624645397,0.022897882179816375,0.5,0.007921592851938138
pca_49,0.007605001238551973,0.046731051010578284,0.22411424755406606,0.024419536105275447,0.5,0.007605001238551973
pca_19,0.007562453211415516,0.048388116084573725,0.23206125247211387,0.0256170185253268,0.5833333333333334,0.007562453211415516
pca_38,0.0073500964685362215,0.04388394128234902,0.21045998896909382,0.04562849642176315,0.75,0.0073500964685362215
pca_70,0.0072480698060686174,0.053222715181118395,0.25524717522190205,0.018215490742199657,0.5833333333333334,0.0072480698060686174
pca_14,-0.007130801900205292,-0.05491767122252316,-0.26337589883590035,-0.04834049486120837,0.375,0.007130801900205292
pca_42,-0.006886417401402538,-0.045425216413954604,-0.21785168483134584,-0.03537500619456115,0.375,0.006886417401402538
pca_80,0.0061153693442335885,0.04418594323087978,0.21190833943395954,0.010972470298397144,0.5416666666666666,0.0061153693442335885
pca_33,0.006110797830205306,0.0564023359474076,0.2704961007250516,-0.004336405663515404,0.4583333333333333,0.006110797830205306
pca_2,0.005811742018348322,0.043290919985639525,0.20761595874033867,-0.006593777066798937,0.375,0.005811742018348322
pca_50,-0.005634197284236267,-0.03822233459409054,-0.1833078771409457,-0.005593878350159506,0.3333333333333333,0.005634197284236267
pca_41,0.003912698868292045,0.024305046215970145,0.11656290681812216,0.014562982691896209,0.5833333333333334,0.003912698868292045
pca_39,-0.0037498985531333726,-0.03209351683516769,-0.15391509973206466,0.014968091770249763,0.4583333333333333,0.0037498985531333726
pca_65,-0.002449220141626999,-0.014769829793179203,-0.0708336153160922,-0.050130241677365385,0.3333333333333333,0.002449220141626999
pca_6,-0.0012780806675368288,-0.007514242652290193,-0.03603704178567429,-0.031138725150268443,0.3333333333333333,0.0012780806675368288
pca_63,0.001107795768051199,0.005816997199947748,0.027897338542531236,0.06613431097300031,0.7083333333333334,0.001107795768051199
pca_48,-0.00047733309290247383,-0.002879464275806593,-0.013809425544166093,0.0432025067523537,0.6666666666666666,0.00047733309290247383
pca_35,0.00025850544011715254,0.0018837243914728516,0.009034024817858572,-0.0005720243692615828,0.5,0.00025850544011715254
